146.0.240.0,146.0.255.255,4096,07/07/11,velia.net Internetdienste GmbH
146.52.0.0,146.52.255.255,65536,07/07/11,Vodafone Kabel Deutschland GmbH
146.60.0.0,146.60.255.255,65536,11/07/11,Vodafone GmbH
146.107.0.0,146.107.255.255,65536,05/02/91,
146.140.0.0,146.140.255.255,65536,13/02/91,
146.185.96.0,146.185.127.255,8192,13/07/11,Arvato Systems GmbH
146.234.0.0,146.234.255.255,65536,05/03/91,
146.254.0.0,146.254.255.255,65536,11/12/91,SIEMENS AG
146.255.32.0,146.255.47.255,4096,19/07/11,Host Europe GmbH
147.12.96.0,147.12.127.255,8192,28/03/91,
147.54.0.0,147.54.255.255,65536,27/06/91,SIEMENS AG
147.142.0.0,147.142.255.255,65536,12/04/91,
147.172.0.0,147.172.255.255,65536,26/06/91,
147.204.0.0,147.204.255.255,65536,11/04/91,
148.251.0.0,148.251.255.255,65536,01/09/93,
149.172.0.0,149.172.255.255,65536,03/08/11,Unitymedia BW GmbH
149.201.0.0,149.201.255.255,65536,01/05/91,
149.203.0.0,149.203.255.255,65536,24/01/94,
149.204.0.0,149.204.255.255,65536,26/12/91,
149.205.0.0,149.205.255.255,65536,01/05/91,
149.206.0.0,149.206.255.255,65536,10/02/99,
149.207.0.0,149.207.255.255,65536,10/01/94,
149.208.0.0,149.208.255.255,65536,01/09/93,
149.211.0.0,149.211.255.255,65536,10/02/99,
149.213.0.0,149.213.255.255,65536,01/09/93,
149.214.0.0,149.214.255.255,65536,01/09/93,
149.215.0.0,149.215.255.255,65536,01/09/93,
149.216.0.0,149.216.255.255,65536,30/04/97,
149.217.0.0,149.217.255.255,65536,26/05/92,
149.218.0.0,149.218.255.255,65536,08/06/94,
149.219.0.0,149.219.255.255,65536,13/01/94,
149.220.0.0,149.220.255.255,65536,07/07/92,
149.221.0.0,149.221.255.255,65536,01/01/84,
149.222.0.0,149.222.255.255,65536,11/05/94,
149.224.0.0,149.224.255.255,65536,01/09/93,
149.225.0.0,149.225.255.255,65536,28/07/97,
149.226.0.0,149.226.255.255,65536,01/09/93,
149.227.0.0,149.227.255.255,65536,29/07/97,
149.228.0.0,149.228.255.255,65536,25/07/97,
149.229.0.0,149.229.255.255,65536,25/07/97,
149.230.0.0,149.230.255.255,65536,29/07/97,
149.231.0.0,149.231.255.255,65536,29/07/97,
149.232.0.0,149.232.251.255,64512,01/01/84,
149.233.0.0,149.233.31.255,8192,05/05/93,e-shelter services GmbH
149.233.32.0,149.233.63.255,8192,05/05/93,
149.233.64.0,149.233.127.255,16384,05/05/93,
149.233.128.0,149.233.255.255,32768,05/05/93,wilhelm.tel GmbH
149.234.8.0,149.234.127.255,30720,01/01/84,
149.236.0.0,149.236.255.255,65536,05/05/92,
149.237.0.0,149.237.255.255,65536,15/07/97,
149.238.0.0,149.238.255.255,65536,29/06/99,
149.239.0.0,149.239.255.255,65536,16/01/91,
149.240.0.0,149.240.255.255,65536,28/07/97,
149.242.0.0,149.242.255.255,65536,29/03/99,
149.243.0.0,149.243.255.255,65536,06/12/93,
149.244.0.0,149.244.255.255,65536,16/01/91,
149.245.0.0,149.245.255.255,65536,01/09/93,
149.246.0.0,149.246.255.255,65536,28/09/92,SIEMENS AG
149.247.0.0,149.247.255.255,65536,01/09/93,
149.249.0.0,149.249.255.255,65536,01/09/93,
149.250.0.0,149.250.255.255,65536,16/03/93,
151.106.0.0,151.106.63.255,16384,30/05/91,
151.106.64.0,151.106.127.255,16384,30/05/91,
151.136.0.0,151.136.255.255,65536,01/09/93,
151.176.0.0,151.176.255.255,65536,05/09/91,
151.189.0.0,151.189.255.255,65536,01/11/96,
151.217.0.0,151.217.255.255,65536,15/07/19,
151.252.48.0,151.252.63.255,4096,24/08/12,Vautron Rechenzentrum AG
152.143.0.0,152.143.255.255,65536,22/08/91,
153.17.0.0,153.17.255.255,65536,23/09/91,
153.92.0.0,153.92.15.255,4096,23/09/91,
153.92.80.0,153.92.95.255,4096,23/09/91,
153.92.128.0,153.92.159.255,8192,23/09/91,
153.92.160.0,153.92.175.255,4096,23/09/91,
153.92.192.0,153.92.207.255,4096,23/09/91,
153.93.0.0,153.93.255.255,65536,23/09/91,Bundesministerium des Innern
153.94.0.0,153.94.15.255,4096,23/09/91,
153.94.32.0,153.94.47.255,4096,23/09/91,MK Netzdienste GmbH & Co. KG
153.94.128.0,153.94.255.255,32768,23/09/91,MK Netzdienste GmbH & Co. KG
153.95.0.0,153.95.255.255,65536,14/02/92,
153.96.0.0,153.96.255.255,65536,09/07/92,
153.97.0.0,153.97.255.255,65536,09/07/92,
153.98.0.0,153.98.255.255,65536,23/09/91,
153.100.0.0,153.100.255.255,65536,01/01/84,
155.45.0.0,155.45.255.255,65536,14/10/10,
155.56.0.0,155.56.255.255,65536,30/10/91,
155.133.200.0,155.133.223.255,6144,07/11/91,
155.133.224.0,155.133.255.255,8192,07/11/91,
155.250.0.0,155.250.255.255,65536,11/12/91,
156.67.80.0,156.67.127.255,12288,27/03/92,
156.67.128.0,156.67.143.255,4096,27/03/92,
156.67.160.0,156.67.191.255,8192,27/03/92,
156.67.240.0,156.67.255.255,4096,27/03/92,
157.97.32.0,157.97.47.255,4096,13/07/95,
157.162.0.0,157.162.255.255,65536,07/04/04,
157.163.0.0,157.163.255.255,65536,30/12/91,SIEMENS AG
158.181.64.0,158.181.95.255,8192,14/11/11,Tele Columbus AG
158.225.0.0,158.225.255.255,65536,02/04/92,
159.25.0.0,159.25.255.255,65536,02/03/92,
159.51.0.0,159.51.255.255,65536,06/03/92,
159.69.0.0,159.69.255.255,65536,13/03/92,Hetzner Online GmbH
159.100.0.0,159.100.31.255,8192,31/03/92,
159.135.128.0,159.135.159.255,8192,21/10/15,Rackspace Germany GmbH
159.154.0.0,159.154.255.255,65536,29/04/92,
159.253.192.0,159.253.207.255,4096,22/09/11,CeTEL GmbH
160.44.0.0,160.44.127.255,32768,23/04/92,T-Systems International GmbH
160.44.128.0,160.44.191.255,16384,23/04/92,T-Systems International GmbH
160.44.192.0,160.44.207.255,4096,23/04/92,T-Systems International GmbH
160.44.208.0,160.44.223.255,4096,23/04/92,T-Systems International GmbH
160.44.224.0,160.44.255.255,8192,23/04/92,T-Systems International GmbH
160.45.0.0,160.45.255.255,65536,21/05/92,
160.46.0.0,160.46.255.255,65536,21/05/92,
160.47.0.0,160.47.255.255,65536,21/05/92,
160.48.0.0,160.48.255.255,65536,21/05/92,
160.49.0.0,160.49.255.255,65536,21/05/92,
160.50.0.0,160.50.255.255,65536,21/05/92,
160.51.0.0,160.51.255.255,65536,21/05/92,
160.54.0.0,160.54.255.255,65536,29/06/92,
160.55.0.0,160.58.255.255,262144,29/06/92,
160.60.0.0,160.60.255.255,65536,03/08/92,
160.70.0.0,160.70.255.255,65536,05/04/04,
160.211.0.0,160.211.255.255,65536,05/04/04,
161.42.0.0,161.42.255.255,65536,15/05/92,
161.134.0.0,161.134.255.255,65536,01/09/93,SIEMENS AG
161.218.0.0,161.218.255.255,65536,01/09/93,SIEMENS AG
163.165.192.0,163.165.255.255,16384,02/02/98,
163.242.0.0,163.242.255.255,65536,01/09/93,SIEMENS AG
164.16.0.0,164.31.255.255,1048576,22/09/92,T-Systems International GmbH
164.32.0.0,164.33.255.255,131072,22/09/92,T-Systems International GmbH
164.34.0.0,164.34.255.255,65536,22/09/92,T-Systems International GmbH
164.40.192.0,164.40.207.255,4096,17/11/11,MDDSL - Mitteldeutsche Gesellschaft fuer Kommunikation mbH
164.59.0.0,164.59.255.255,65536,08/12/92,
164.61.0.0,164.61.255.255,65536,01/01/84,
164.68.96.0,164.68.127.255,8192,17/12/92,Contabo GmbH
164.133.0.0,164.133.255.255,65536,23/04/93,
164.139.0.0,164.139.255.255,65536,16/12/93,
167.86.80.0,167.86.95.255,4096,14/05/93,Contabo GmbH
167.86.96.0,167.86.127.255,8192,14/05/93,Contabo GmbH
167.87.0.0,167.87.255.255,65536,17/05/93,SIEMENS AG
167.233.0.0,167.233.255.255,65536,09/11/93,Hetzner Online GmbH
170.10.112.0,170.10.127.255,4096,13/12/93,
170.133.0.0,170.133.63.255,16384,09/05/94,Vereinigte Stadtwerke Media GmbH
171.17.0.0,171.17.255.255,65536,04/02/05,
171.24.0.0,171.24.255.255,65536,22/04/94,
173.212.192.0,173.212.255.255,16384,26/10/09,Contabo GmbH
173.249.0.0,173.249.63.255,16384,26/05/10,Contabo GmbH
176.0.0.0,176.7.255.255,524288,13/05/11,Telefonica Germany GmbH & Co.OHG
176.9.0.0,176.9.255.255,65536,17/05/11,Hetzner Online GmbH
176.28.0.0,176.28.15.255,4096,20/05/11,Host Europe GmbH
176.28.32.0,176.28.47.255,4096,20/05/11,Host Europe GmbH
176.57.128.0,176.57.191.255,16384,01/06/11,Ociris GmbH
176.65.128.0,176.65.159.255,8192,10/06/11,ZeXoTeK IT-Services GmbH
176.94.0.0,176.95.255.255,131072,11/07/11,Vodafone GmbH
176.125.0.0,176.125.31.255,8192,10/09/12,
176.126.64.0,176.126.79.255,4096,14/09/12,TerraTransit AG
176.198.0.0,176.199.255.255,131072,18/07/11,Unitymedia NRW GmbH
176.241.160.0,176.241.175.255,4096,06/12/11,recast IT GmbH & Co. KG
178.0.0.0,178.15.255.255,1048576,12/01/10,Vodafone GmbH
178.17.48.0,178.17.63.255,4096,16/03/10,
178.17.224.0,178.17.239.255,4096,06/04/10,NYNEX satellite OHG
178.18.144.0,178.18.159.255,4096,29/10/10,GHOSTnet GmbH
178.18.240.0,178.18.255.255,4096,27/04/10,Inline Internet Online Dienste GmbH
178.19.64.0,178.19.79.255,4096,04/05/10,Aixit GmbH
178.19.80.0,178.19.95.255,4096,07/05/10,SeWiKom GmbH
178.19.208.0,178.19.223.255,4096,21/05/10,Hofnetz &IT Services GmbH
178.19.224.0,178.19.239.255,4096,21/05/10,Thueringer Netkom GmbH
178.24.0.0,178.27.255.255,262144,17/02/10,Vodafone Kabel Deutschland GmbH
178.63.0.0,178.63.255.255,65536,02/03/10,Hetzner Online GmbH
178.76.128.0,178.76.191.255,16384,07/04/10,inexio Informationstechnologie und Telekommunikation Gmbh
178.77.64.0,178.77.79.255,4096,15/04/10,Host Europe GmbH
178.77.96.0,178.77.111.255,4096,15/04/10,Host Europe GmbH
178.142.0.0,178.142.255.255,65536,03/05/10,EWE TEL GmbH
178.162.192.0,178.162.255.255,16384,05/02/10,Leaseweb Deutschland GmbH
178.200.0.0,178.203.255.255,262144,16/03/10,Unitymedia NRW GmbH
178.208.96.0,178.208.111.255,4096,18/03/10,BITel Gesellschaft fuer Telekommunikation mbH
178.210.96.0,178.210.127.255,8192,16/06/10,MK Netzdienste GmbH & Co. KG
178.238.224.0,178.238.239.255,4096,28/07/10,Contabo GmbH
178.239.64.0,178.239.79.255,4096,06/08/10,COM-IN Telekommunikations GmbH
178.254.0.0,178.254.63.255,16384,18/06/10,EVANZO e-commerce GmbH
188.1.0.0,188.1.255.255,65536,05/08/94,
188.34.128.0,188.34.255.255,32768,19/03/09,Hetzner Online GmbH
188.40.0.0,188.40.255.255,65536,23/04/09,Hetzner Online GmbH
188.46.0.0,188.46.255.255,65536,06/05/09,Telefonica Germany GmbH & Co.OHG
188.68.32.0,188.68.47.255,4096,25/08/09,netcup GmbH
188.68.48.0,188.68.63.255,4096,25/08/09,netcup GmbH
188.73.64.0,188.73.127.255,16384,16/07/09,Terranets bw GmbH
188.74.0.0,188.74.31.255,8192,06/01/11,Netcom Kassel Gesellschaft fuer Telekommunikation mbH
188.74.32.0,188.74.47.255,4096,06/01/11,OR Network GmbH
188.74.48.0,188.74.63.255,4096,06/01/11,FELKATEC Software GmbH & Co. KG
188.96.0.0,188.111.255.255,1048576,20/01/09,Vodafone GmbH
188.118.128.0,188.118.191.255,16384,23/06/09,EWE TEL GmbH
188.121.32.0,188.121.63.255,8192,06/05/09,Host Europe GmbH
188.126.160.0,188.126.191.255,8192,23/07/09,SOCO SoftCom Datensysteme
188.136.0.0,188.136.127.255,32768,04/05/09,HeLi NET Telekommunication GmbH & Co.
188.138.0.0,188.138.63.255,16384,08/05/09,Host Europe GmbH
188.138.96.0,188.138.127.255,8192,08/05/09,Host Europe GmbH
188.144.0.0,188.145.255.255,131072,13/03/09,Kassenaerztliche Bundesvereinigung
188.172.112.0,188.172.127.255,4096,03/08/09,WITCOM Wiesbadener Informations- und Telekommunikations GmbH
188.174.0.0,188.174.255.255,65536,19/08/09,M-net Telekommunikations GmbH
188.192.0.0,188.195.255.255,262144,08/06/09,Vodafone Kabel Deutschland GmbH
188.209.160.0,188.209.191.255,8192,08/05/09,Stadtwerke Schwedt GmbH
188.210.0.0,188.210.63.255,16384,08/05/09,inexio Informationstechnologie und Telekommunikation Gmbh
188.246.0.0,188.246.31.255,8192,06/08/09,Portunity GmbH
192.26.174.0,192.26.193.255,5120,02/02/89,
192.35.0.0,192.35.15.255,4096,28/10/87,SIEMENS AG
192.52.0.0,192.52.50.255,13056,21/03/89,
192.102.146.0,192.102.177.255,8192,09/04/91,
192.108.73.0,192.108.92.255,5120,01/05/91,
192.125.128.0,192.125.255.255,32768,12/09/91,
192.129.1.0,192.129.23.255,5888,01/05/91,
192.166.64.0,192.166.80.255,4352,07/05/92,
192.166.160.0,192.166.191.255,8192,07/01/10,
193.7.0.0,193.7.127.255,32768,04/01/94,
193.7.128.0,193.7.159.255,8192,02/02/94,Telefonica Germany GmbH & Co.OHG
193.7.224.0,193.7.255.255,8192,05/01/94,
193.16.16.0,193.16.31.255,4096,29/07/92,
193.16.48.0,193.16.63.255,4096,29/07/92,
193.16.80.0,193.16.95.255,4096,29/07/92,
193.16.112.0,193.16.127.255,4096,29/07/92,
193.16.128.0,193.16.143.255,4096,29/07/92,
193.16.168.0,193.16.183.255,4096,29/07/92,
193.16.192.0,193.16.207.255,4096,29/07/92,
193.17.96.0,193.17.127.255,8192,29/07/92,Procter & Gamble Service GmbH
193.17.232.0,193.17.247.255,4096,29/08/95,
193.18.0.0,193.19.31.255,73728,22/09/92,
193.19.32.0,193.19.63.255,8192,31/05/94,
193.20.0.0,193.21.255.255,131072,17/07/96,
193.22.32.0,193.22.63.255,8192,29/07/92,
193.22.64.0,193.22.79.255,4096,29/07/92,
193.22.184.0,193.22.223.255,10240,29/07/92,
193.23.64.0,193.23.95.255,8192,29/07/92,
193.23.96.0,193.23.111.255,4096,29/07/92,
193.23.192.0,193.23.223.255,8192,29/07/92,
193.24.48.0,193.24.63.255,4096,22/01/93,
193.24.96.0,193.24.127.255,8192,01/02/93,
193.24.128.0,193.24.191.255,16384,22/01/93,
193.25.16.0,193.25.31.255,4096,11/02/93,
193.25.32.0,193.25.47.255,4096,11/02/93,
193.25.48.0,193.25.63.255,4096,11/02/93,
193.25.64.0,193.25.95.255,8192,11/02/93,
193.25.128.0,193.25.159.255,8192,11/02/93,
193.25.224.0,193.25.239.255,4096,11/02/93,
193.26.32.0,193.26.63.255,8192,11/03/93,
193.26.96.0,193.26.111.255,4096,11/03/93,
193.26.160.0,193.26.191.255,8192,11/03/93,
193.26.192.0,193.26.207.255,4096,11/03/93,
193.26.224.0,193.26.239.255,4096,11/03/93,
193.27.96.0,193.27.127.255,8192,14/04/93,
193.27.128.0,193.27.191.255,16384,14/04/93,
193.28.16.0,193.28.31.255,4096,01/06/93,
193.28.107.0,193.28.127.255,5376,01/06/93,
193.28.128.0,193.28.143.255,4096,01/06/93,
193.28.160.0,193.28.175.255,4096,01/06/93,
193.29.64.0,193.29.95.255,8192,28/07/93,
193.29.112.0,193.29.127.255,4096,28/07/93,
193.29.144.0,193.29.159.255,4096,28/07/93,
193.29.160.0,193.29.175.255,4096,28/07/93,
193.30.48.0,193.30.63.255,4096,21/09/93,
193.30.144.0,193.30.159.255,4096,21/09/93,
193.30.168.0,193.30.191.255,6144,21/09/93,
193.30.192.0,193.30.223.255,8192,21/09/93,
193.31.80.0,193.31.95.255,4096,09/11/93,
193.31.128.0,193.31.159.255,8192,09/11/93,
193.31.160.0,193.31.191.255,8192,09/11/93,
193.31.224.0,193.31.239.255,4096,09/11/93,
193.96.0.0,193.99.255.255,262144,15/02/94,Verizon Deutschland GmbH
193.100.0.0,193.101.255.255,131072,15/02/94,Verizon Deutschland GmbH
193.102.0.0,193.102.255.255,65536,15/05/94,Verizon Deutschland GmbH
193.103.0.0,193.103.255.255,65536,27/09/94,Verizon Deutschland GmbH
193.118.32.0,193.118.63.255,8192,10/02/94,
193.118.96.0,193.118.127.255,8192,10/02/94,
193.118.128.0,193.118.159.255,8192,10/02/94,ngena GmbH
193.118.192.0,193.118.223.255,8192,10/02/94,ngena GmbH
193.138.10.0,193.138.27.255,4608,22/09/97,
193.141.32.0,193.141.47.255,4096,01/09/93,
193.141.144.0,193.141.159.255,4096,01/09/93,
193.141.160.0,193.141.175.255,4096,01/09/93,
193.141.192.0,193.141.223.255,8192,01/09/93,
193.141.240.0,193.141.255.255,4096,01/09/93,
193.148.160.0,193.148.191.255,8192,01/09/93,INTAC Services GmbH
193.149.32.0,193.149.63.255,8192,12/04/96,SpaceNet AG
193.155.0.0,193.155.255.255,65536,01/04/96,Verizon Deutschland GmbH
193.158.0.0,193.158.255.255,65536,27/11/96,Deutsche Telekom AG
193.159.0.0,193.159.255.255,65536,16/04/97,Deutsche Telekom AG
193.174.0.0,193.174.255.255,65536,01/09/93,Verein zur Foerderung eines Deutschen Forschungsnetzes e.V.
193.175.0.0,193.175.255.255,65536,29/12/93,Verein zur Foerderung eines Deutschen Forschungsnetzes e.V.
193.189.224.0,193.189.255.255,8192,23/04/96,Telefonica Germany GmbH & Co.OHG
193.196.0.0,193.196.255.255,65536,01/09/93,Universitaet Stuttgart
193.197.0.0,193.197.255.255,65536,01/09/93,Universitaet Stuttgart
193.202.128.0,193.202.159.255,8192,10/03/93,
193.202.160.0,193.202.191.255,8192,10/03/93,
193.203.160.0,193.203.191.255,8192,01/07/96,
193.218.16.0,193.218.31.255,4096,22/11/01,
193.227.144.0,193.227.159.255,4096,11/07/96,
193.254.128.0,193.254.159.255,8192,28/04/95,Telekom Deutschland GmbH
193.254.160.0,193.254.175.255,4096,13/07/95,Telekom Deutschland GmbH
194.8.96.0,194.8.127.255,8192,05/07/96,Atos Information Technology GmbH
194.8.192.0,194.8.223.255,8192,16/07/96,NetCologne Gesellschaft fur Telekommunikation mbH
194.9.128.0,194.9.166.255,9984,14/08/98,
194.9.192.0,194.9.207.255,4096,16/03/00,
194.12.192.0,194.12.223.255,8192,17/02/99,
194.15.0.0,194.15.31.255,8192,24/01/94,
194.15.80.0,194.15.95.255,4096,19/01/94,
194.15.160.0,194.15.175.255,4096,29/12/93,
194.24.192.0,194.24.223.255,8192,16/02/96,PlusServer GmbH
194.25.0.0,194.25.255.255,65536,21/02/95,Deutsche Telekom AG
194.29.224.0,194.29.255.255,8192,08/03/00,IPB Internet Provider in Berlin GmbH
194.31.16.0,194.31.31.255,4096,20/03/95,
194.39.0.0,194.39.23.255,6144,24/02/94,
194.39.48.0,194.39.63.255,4096,24/02/94,
194.39.240.0,194.39.255.255,4096,29/10/94,
194.45.240.0,194.45.255.255,4096,28/02/94,
194.49.128.0,194.49.255.255,32768,30/03/94,
194.55.16.0,194.55.31.255,4096,26/04/94,
194.55.48.0,194.55.63.255,4096,03/05/94,
194.55.64.0,194.55.79.255,4096,05/05/94,
194.55.112.0,194.55.127.255,4096,13/05/94,
194.55.192.0,194.55.223.255,8192,24/06/94,
194.59.64.0,194.59.95.255,8192,11/07/94,
194.59.96.0,194.59.127.255,8192,13/07/94,
194.59.224.0,194.59.239.255,4096,14/07/94,
194.64.0.0,194.64.255.255,65536,06/04/94,PlusServer GmbH
194.69.128.0,194.69.143.255,4096,04/12/02,
194.76.64.0,194.76.95.255,8192,30/08/94,
194.77.0.0,194.77.31.255,8192,16/10/95,Interoute Germany GmbH
194.77.96.0,194.77.127.255,8192,16/10/95,Interoute Germany GmbH
194.77.160.0,194.77.175.255,4096,16/10/95,Interoute Germany GmbH
194.77.192.0,194.77.207.255,4096,16/10/95,Interoute Germany GmbH
194.77.236.0,194.77.255.255,5120,16/10/95,
194.88.160.0,194.88.191.255,8192,25/07/96,sdt.net AG
194.93.192.0,194.93.255.255,16384,20/10/94,
194.94.0.0,194.94.255.255,65536,20/09/94,Verein zur Foerderung eines Deutschen Forschungsnetzes e.V.
194.95.0.0,194.95.255.255,65536,04/08/95,Verein zur Foerderung eines Deutschen Forschungsnetzes e.V.
194.97.0.0,194.97.31.255,8192,03/10/94,freenet Datenkommunikations GmbH
194.97.32.0,194.97.63.255,8192,01/08/95,freenet Datenkommunikations GmbH
194.97.64.0,194.97.79.255,4096,01/08/95,SpaceNet AG
194.97.96.0,194.97.127.255,8192,24/10/95,freenet Datenkommunikations GmbH
194.97.128.0,194.97.159.255,8192,24/10/95,SpaceNet AG
194.97.160.0,194.97.191.255,8192,24/10/95,freenet Datenkommunikations GmbH
194.97.192.0,194.97.255.255,16384,17/04/96,freenet Datenkommunikations GmbH
194.99.128.0,194.99.143.255,4096,21/11/94,
194.99.160.0,194.99.255.255,24576,24/11/94,
194.112.16.0,194.112.31.255,4096,13/01/95,ecotel communication ag
194.113.0.0,194.113.21.255,5632,25/11/94,
194.114.0.0,194.114.127.255,32768,28/11/94,
194.115.0.0,194.115.255.255,65536,30/11/94,Verizon Deutschland GmbH
194.117.96.0,194.117.127.255,8192,02/07/96,SAP SE
194.120.0.0,194.120.15.255,4096,21/12/94,
194.120.64.0,194.120.79.255,4096,21/12/94,
194.120.80.0,194.120.95.255,4096,21/12/94,
194.120.192.0,194.120.223.255,8192,21/12/94,
194.121.96.0,194.121.127.255,8192,31/07/95,
194.121.128.0,194.121.159.255,8192,31/07/95,
194.121.176.0,194.121.191.255,4096,31/07/95,
194.121.192.0,194.121.223.255,8192,31/07/95,
194.121.224.0,194.121.239.255,4096,31/07/95,
194.122.0.0,194.122.255.255,65536,27/03/96,
194.123.0.0,194.123.255.255,65536,05/09/96,
194.127.0.0,194.127.95.255,24576,09/01/95,
194.138.0.0,194.138.255.255,65536,10/02/95,SIEMENS AG
194.139.0.0,194.139.255.255,65536,10/03/95,Verizon Deutschland GmbH
194.140.96.0,194.140.127.255,8192,20/03/00,Plusnet GmbH
194.145.64.0,194.145.95.255,8192,27/03/98,
194.156.48.0,194.156.63.255,4096,02/05/95,
194.162.0.0,194.162.31.255,8192,15/05/95,ecotel communication ag
194.162.32.0,194.162.63.255,8192,03/10/95,ecotel communication ag
194.162.64.0,194.162.95.255,8192,24/11/95,ecotel communication ag
194.162.96.0,194.162.127.255,8192,05/01/96,ecotel communication ag
194.162.128.0,194.162.255.255,32768,05/01/96,ecotel communication ag
194.163.0.0,194.163.255.255,65536,16/05/95,PlusServer GmbH
194.172.0.0,194.172.255.255,65536,09/06/95,Verizon Deutschland GmbH
194.173.0.0,194.173.255.255,65536,11/08/95,Verizon Deutschland GmbH
194.174.0.0,194.174.255.255,65536,07/11/95,Verizon Deutschland GmbH
194.175.0.0,194.175.255.255,65536,20/02/96,Verizon Deutschland GmbH
194.176.0.0,194.176.31.255,8192,15/01/96,CSL Computer Service Langenbach GmbH
194.180.64.0,194.180.79.255,4096,13/07/95,
194.180.80.0,194.180.95.255,4096,21/07/95,
194.180.128.0,194.180.143.255,4096,09/08/95,
194.182.192.0,194.182.223.255,8192,14/02/96,WEMACOM Telekommunikation GmbH
194.195.0.0,194.195.255.255,65536,14/09/95,PlusServer GmbH
194.231.0.0,194.231.255.255,65536,24/01/96,Interoute Germany GmbH
194.233.0.0,194.233.255.255,65536,26/01/96,PlusServer GmbH
194.245.0.0,194.245.255.255,65536,22/02/96,CSL Computer Service Langenbach GmbH
194.246.44.0,194.246.63.255,5120,05/06/96,
194.246.128.0,194.246.255.255,32768,02/04/96,
195.2.160.0,195.2.191.255,8192,08/10/97,toplink GmbH
195.4.0.0,195.4.255.255,65536,14/05/96,freenet Datenkommunikations GmbH
195.8.224.0,195.8.255.255,8192,13/11/97,TAL.DE Klaus Internet Service GmbH
195.14.192.0,195.14.223.255,8192,14/04/97,NetCologne Gesellschaft fur Telekommunikation mbH
195.14.224.0,195.14.255.255,8192,11/09/97,NetCologne Gesellschaft fur Telekommunikation mbH
195.20.64.0,195.20.95.255,8192,29/01/97,ecotel communication ag
195.20.224.0,195.20.255.255,8192,19/11/97,1&1 Internet SE
195.24.96.0,195.24.127.255,8192,31/07/97,SpaceNet AG
195.30.0.0,195.30.255.255,65536,15/05/96,SpaceNet AG
195.32.128.0,195.32.255.255,32768,27/01/98,Plusnet GmbH
195.34.160.0,195.34.191.255,8192,14/10/97,INTERNET AG Global Network
195.35.0.0,195.35.63.255,16384,27/11/96,
195.36.64.0,195.36.127.255,16384,14/07/97,Computacenter AG & Co.oHG
195.37.0.0,195.37.255.255,65536,28/11/96,Verein zur Foerderung eines Deutschen Forschungsnetzes e.V.
195.38.128.0,195.38.159.255,8192,30/10/96,Claranet Gmbh
195.50.128.0,195.50.159.255,8192,01/11/96,Vodafone GmbH
195.50.160.0,195.50.191.255,8192,30/07/97,Vodafone GmbH
195.52.0.0,195.52.255.255,65536,05/06/96,ecotel communication ag
195.60.32.0,195.60.63.255,8192,17/06/97,EntServ Deutschland GmbH
195.60.96.0,195.60.127.255,8192,08/08/97,Avency GmbH
195.62.96.0,195.62.127.255,8192,27/08/97,KAMP Netzwerkdienste GmbH
195.63.0.0,195.63.255.255,65536,06/01/97,ecotel communication ag
195.64.96.0,195.64.127.255,8192,12/03/97,iSC internet Service Center GmbH
195.71.0.0,195.71.255.255,65536,24/01/97,Telefonica Germany GmbH & Co.OHG
195.72.96.0,195.72.111.255,4096,17/07/00,
195.73.0.0,195.73.255.255,65536,01/08/97,
195.78.160.0,195.78.191.255,8192,21/10/97,ecotel communication ag
195.80.192.0,195.80.223.255,8192,01/04/97,Plusnet GmbH
195.82.32.0,195.82.63.255,8192,08/07/97,KDDI Deutschland GmbH
195.82.64.0,195.82.95.255,8192,17/02/97,CANCOM Pironet AG & Co. KG
195.90.0.0,195.90.31.255,8192,15/08/96,Plusnet GmbH
195.90.192.0,195.90.223.255,8192,22/04/97,Guillermo Antonio Kunst trading as vimus iServices GmbH & Co. KG
195.90.224.0,195.90.255.255,8192,26/11/97,Guillermo Antonio Kunst trading as vimus iServices GmbH & Co. KG
195.94.64.0,195.94.95.255,8192,20/02/97,CANCOM Pironet AG & Co. KG
195.96.32.0,195.96.63.255,8192,28/05/97,Sam Maleki trading as TWINWAVE GmbH & Co, KG.
195.98.192.0,195.98.223.255,8192,23/04/97,PLANET IC GmbH
195.112.160.0,195.112.191.255,8192,26/01/98,SAP SE
195.123.96.0,195.123.111.255,4096,04/04/97,wilhelm.tel GmbH
195.124.0.0,195.124.255.255,65536,24/06/96,Verizon Deutschland GmbH
195.125.0.0,195.125.255.255,65536,12/08/96,Verizon Deutschland GmbH
195.126.0.0,195.126.255.255,65536,20/01/98,Verizon Deutschland GmbH
195.127.0.0,195.127.255.255,65536,09/03/99,Verizon Deutschland GmbH
195.135.128.0,195.135.191.255,16384,16/03/99,CANCOM Pironet AG & Co. KG
195.138.32.0,195.138.63.255,8192,21/07/97,Knipp Medien und Kommunikation GmbH
195.138.240.0,195.138.255.255,4096,10/09/12,Core-Backbone GmbH
195.140.0.0,195.140.127.255,32768,25/02/99,
195.145.0.0,195.145.255.255,65536,16/04/97,Deutsche Telekom AG
195.158.32.0,195.158.63.255,8192,30/12/97,NETHINKS GmbH
195.158.128.0,195.158.159.255,8192,06/12/96,Vodafone GmbH
195.158.160.0,195.158.191.255,8192,17/02/98,Plusnet GmbH
195.162.224.0,195.162.255.255,8192,17/12/97,Interoute Germany GmbH
195.167.208.0,195.167.223.255,4096,05/01/98,1&1 Versatel Deutschland GmbH
195.170.96.0,195.170.127.255,8192,10/09/97,Claranet Gmbh
195.177.0.0,195.177.63.255,16384,27/06/97,PlusServer GmbH
195.177.128.0,195.177.191.255,16384,17/03/99,Avency GmbH
195.179.0.0,195.179.255.255,65536,04/07/97,PlusServer GmbH
195.180.0.0,195.180.255.255,65536,03/07/96,PlusServer GmbH
195.185.0.0,195.185.255.255,65536,05/08/97,ecotel communication ag
195.192.128.0,195.192.191.255,16384,03/04/96,Sys11 Routing UG (haftungsbeschraenkt)
195.192.192.0,195.192.207.255,4096,03/04/96,AnschlussWerk GmbH
195.200.32.0,195.200.63.255,8192,12/06/97,Fiducia & GAD IT AG
195.201.0.0,195.201.255.255,65536,22/09/97,Hetzner Online GmbH
195.202.32.0,195.202.63.255,8192,27/01/98,1&1 Versatel Deutschland GmbH
195.203.0.0,195.203.255.255,65536,10/09/97,EntServ Deutschland GmbH
195.206.128.0,195.206.159.255,8192,20/12/96,PlusServer GmbH
195.214.0.0,195.214.63.255,16384,13/09/96,
195.214.64.0,195.214.127.255,16384,22/11/96,
195.222.192.0,195.222.223.255,8192,13/05/97,pop-interactive GmbH
195.222.224.0,195.222.255.255,8192,14/10/97,pop-interactive GmbH
195.226.64.0,195.226.95.255,8192,06/03/97,becom Systemhaus Verwaltungs-GmbH
195.226.96.0,195.226.127.255,8192,19/09/97,1&1 Versatel Deutschland GmbH
195.226.160.0,195.226.191.255,8192,07/11/97,1&1 Versatel Deutschland GmbH
195.227.0.0,195.227.255.255,65536,19/11/97,CANCOM Pironet AG & Co. KG
195.232.128.0,195.232.255.255,32768,03/10/97,Vodafone Group Services GmbH
195.233.0.0,195.233.255.255,65536,03/10/97,Vodafone Group Services GmbH
195.238.32.0,195.238.63.255,8192,12/03/98,Hughes Network Systems GmbH
195.238.128.0,195.238.159.255,8192,02/01/97,MSH Medien System Haus GmbH & Co. KG
195.243.0.0,195.243.255.255,65536,22/12/97,Deutsche Telekom AG
195.244.96.0,195.244.127.255,8192,08/08/97,PlusServer GmbH
195.244.224.0,195.244.255.255,8192,20/11/97,NetUSE AG
195.245.0.0,195.245.63.255,16384,30/12/97,sdt.net AG
195.246.160.0,195.246.191.255,8192,11/11/97,Dunkel GmbH
195.247.0.0,195.247.255.255,65536,31/12/97,ecotel communication ag
195.248.128.0,195.248.159.255,8192,16/10/96,SG Service IT GmbH
195.252.128.0,195.252.159.255,8192,20/01/98,PlusServer GmbH
195.252.160.0,195.252.191.255,8192,25/03/98,PlusServer GmbH
195.252.192.0,195.252.255.255,16384,25/03/98,PlusServer GmbH
195.253.0.0,195.253.255.255,65536,09/01/98,Knipp Medien und Kommunikation GmbH
195.254.0.0,195.254.31.255,8192,25/09/96,ecotel communication ag
195.254.32.0,195.254.63.255,8192,10/03/97,ecotel communication ag
195.254.64.0,195.254.127.255,16384,10/03/97,ecotel communication ag
206.195.32.0,206.195.63.255,8192,20/06/95,adidas AG
207.89.64.0,207.89.127.255,16384,27/03/96,TELE AG
207.180.192.0,207.180.255.255,16384,21/08/96,Contabo GmbH
209.141.224.0,209.141.255.255,8192,05/10/11,
209.213.48.0,209.213.63.255,4096,03/08/06,ngena GmbH
212.1.32.0,212.1.63.255,8192,16/02/99,PlusServer GmbH
212.2.32.0,212.2.63.255,8192,23/02/99,Verlag fuer Neue Medien Data Communications GmbH
212.2.64.0,212.2.95.255,8192,15/06/98,Bechtle GmbH & Co. KG
212.3.64.0,212.3.95.255,8192,03/07/08,WEBDISCOUNT GmbH & Co. KG
212.4.160.0,212.4.191.255,8192,17/03/99,Plusnet GmbH
212.4.224.0,212.4.255.255,8192,23/09/99,MSH Medien System Haus GmbH & Co. KG
212.5.0.0,212.5.31.255,8192,13/03/98,Plusnet GmbH
212.6.64.0,212.6.95.255,8192,15/06/98,EWE TEL GmbH
212.6.96.0,212.6.127.255,8192,01/06/99,EWE TEL GmbH
212.6.128.0,212.6.255.255,32768,28/04/98,Claranet Gmbh
212.7.128.0,212.7.159.255,8192,19/05/98,1&1 Versatel Deutschland GmbH
212.7.160.0,212.7.191.255,8192,09/04/99,KEVAG Telekom GmbH
212.8.0.0,212.8.31.255,8192,18/02/98,GONICUS Gmbh
212.8.128.0,212.8.159.255,8192,07/04/05,NetAachen GmbH
212.8.192.0,212.8.223.255,8192,07/08/98,teuto.net Netzdienste GmbH
212.9.32.0,212.9.63.255,8192,31/01/08,[netzquadrat] GmbH
212.9.160.0,212.9.191.255,8192,09/04/99,LF.net Netzwerksysteme GmbH
212.11.224.0,212.11.255.255,8192,13/10/99,WorNet AG
212.12.32.0,212.12.47.255,4096,22/02/99,N@work Internet Informationssysteme GmbH
212.12.96.0,212.12.127.255,8192,16/08/99,Rehwork GmbH
212.14.64.0,212.14.95.255,8192,18/06/98,Interoute Germany GmbH
212.15.192.0,212.15.223.255,8192,26/08/98,teuto.net Netzdienste GmbH
212.16.224.0,212.16.255.255,8192,21/09/99,SOCO SoftCom Datensysteme
212.17.224.0,212.17.255.255,8192,14/10/99,TAL.DE Klaus Internet Service GmbH
212.18.0.0,212.18.31.255,8192,27/02/98,M-net Telekommunikations GmbH
212.18.64.0,212.18.95.255,8192,19/06/98,PPP Internetdienstleistungen GmbH
212.18.192.0,212.18.223.255,8192,18/08/98,VSE NET GmbH
212.19.32.0,212.19.63.255,8192,03/03/99,Plus.line AG
212.20.128.0,212.20.159.255,8192,27/04/98,
212.20.160.0,212.20.191.255,8192,23/03/99,Global Village GmbH
212.21.64.0,212.21.95.255,8192,16/07/98,D-hosting die Rackspace & Connectivity GmbH
212.21.160.0,212.21.191.255,8192,12/04/99,SHE Informationstechnologie AG
212.23.96.0,212.23.127.255,8192,07/09/99,Telefonica Germany GmbH & Co.OHG
212.23.128.0,212.23.159.255,8192,26/05/98,Telekommunikation Mittleres Ruhrgebiet GmbH
212.27.128.0,212.27.159.255,8192,27/05/98,INFORENT GmbH
212.28.32.0,212.28.63.255,8192,22/02/99,Transkom GmbH
212.28.96.0,212.28.127.255,8192,18/08/99,MTS Internet GmbH
212.29.0.0,212.29.31.255,8192,27/03/98,Teamware GmbH
212.29.32.0,212.29.63.255,8192,08/03/99,DOKOM Gesellschaft fuer Telekommunikation mbH
212.34.64.0,212.34.95.255,8192,23/06/98,Finanz Informatik Technologie Service GmbH & Co. KG
212.34.160.0,212.34.191.255,8192,29/03/99,ODN OnlineDienst Nordbayern GmbH & Co. KG
212.37.32.0,212.37.63.255,8192,10/03/99,HeLi NET Telekommunication GmbH & Co.
212.37.160.0,212.37.191.255,8192,23/06/08,RFTkabel Brandenburg GmbH
212.38.0.0,212.38.31.255,8192,06/03/98,InfraServ GmbH & Co.Hoechst KG
212.42.224.0,212.42.255.255,8192,08/10/99,D-hosting die Rackspace & Connectivity GmbH
212.43.64.0,212.43.95.255,8192,29/07/98,inexio Informationstechnologie und Telekommunikation Gmbh
212.44.160.0,212.44.191.255,8192,25/03/99,Xenologics Networks & Communications GmbH
212.44.192.0,212.44.223.255,8192,26/01/05,Fraunhofer-Gesellschaft zur Foerderung der angewandten Forschung e.V.
212.46.96.0,212.46.127.255,8192,27/08/99,HKN GmbH
212.47.192.0,212.47.223.255,8192,14/09/98,
212.48.96.0,212.48.127.255,8192,13/08/99,Artfiles New Media GmbH
212.51.0.0,212.51.31.255,8192,03/04/98,ADDIX Internet Services GmbH
212.52.224.0,212.52.255.255,8192,05/10/99,NCI GmbH
212.53.128.0,212.53.159.255,8192,02/06/98,Artfiles New Media GmbH
212.53.160.0,212.53.191.255,8192,21/08/98,Artfiles New Media GmbH
212.53.192.0,212.53.255.255,16384,21/08/98,Artfiles New Media GmbH
212.58.64.0,212.58.95.255,8192,03/07/98,Internetservices fuer die Region Stuttgart GmbH
212.59.32.0,212.59.63.255,8192,15/03/99,htp GmbH
212.60.128.0,212.60.159.255,8192,27/04/98,TAL.DE Klaus Internet Service GmbH
212.60.192.0,212.60.255.255,16384,24/09/02,Plusnet GmbH
212.62.64.0,212.62.95.255,8192,02/07/98,DTS Systeme GmbH
212.62.192.0,212.62.223.255,8192,21/08/98,TeleData GmbH
212.63.32.0,212.63.63.255,8192,23/02/98,Plusnet GmbH
212.63.64.0,212.63.95.255,8192,04/06/98,Rockenstein AG
212.63.128.0,212.63.159.255,8192,08/04/98,Ratiokontakt GmbH
212.63.160.0,212.63.191.255,8192,17/03/99,SAP SE
212.65.0.0,212.65.31.255,8192,27/10/98,MAnet GmbH
212.66.0.0,212.66.31.255,8192,07/10/98,Claranet Gmbh
212.66.128.0,212.66.159.255,8192,01/12/98,NetAachen GmbH
212.68.64.0,212.68.95.255,8192,13/01/99,EWE TEL GmbH
212.68.96.0,212.68.127.255,8192,29/10/99,InfraServ Gendorf
212.71.192.0,212.71.223.255,8192,12/05/99,Dr.-Ing. Nepustil & Co. GmbH
212.72.64.0,212.72.95.255,8192,12/01/99,BayCIX GmbH
212.72.160.0,212.72.191.255,8192,07/07/99,Artfiles New Media GmbH
212.75.32.0,212.75.63.255,8192,17/06/99,ScanPlus GmbH
212.76.192.0,212.76.223.255,8192,26/04/99,INCAS GmbH
212.77.160.0,212.77.191.255,8192,28/07/99,R-KOM Regensburger Telekommunikationsverwaltungsgesellschaft mbH trading as R-KOM Regensburger Telekommunikationsgesellschaft mbH & Co. KG
212.77.224.0,212.77.255.255,8192,18/05/00,OMCnet Internet Service GmbH
212.78.96.0,212.78.127.255,8192,10/11/99,Webmatic Kommunikations GmbH
212.79.0.0,212.79.63.255,16384,02/11/98,pop-interactive GmbH
212.79.160.0,212.79.191.255,8192,28/07/99,tops.net GmbH & Co. KG
212.79.192.0,212.79.223.255,8192,14/05/99,JessenLenz GmbH
212.79.224.0,212.79.255.255,8192,19/05/00,Avira Holding GmbH & Co. KG
212.80.224.0,212.80.255.255,8192,17/05/00,1&1 Versatel Deutschland GmbH
212.82.32.0,212.82.47.255,4096,07/06/99,one4vision GmbH
212.82.48.0,212.82.63.255,4096,07/06/99,VSE NET GmbH
212.82.160.0,212.82.191.255,8192,16/07/99,Trusted Network GmbH
212.82.224.0,212.82.255.255,8192,26/05/00,Claranet Gmbh
212.83.32.0,212.83.63.255,8192,24/06/08,23media GmbH
212.84.192.0,212.84.207.255,4096,26/04/99,QSC AG
212.84.208.0,212.84.223.255,4096,26/04/99,Plusnet GmbH
212.84.224.0,212.84.255.255,8192,26/04/99,Plusnet GmbH
212.86.32.0,212.86.63.255,8192,07/06/99,DNS:NET Internet Service GmbH
212.86.128.0,212.86.159.255,8192,08/01/99,Bisping & Bisping GmbH & Co KG
212.86.160.0,212.86.175.255,4096,19/07/99,circular Informationssysteme GmbH
212.86.192.0,212.86.223.255,8192,05/05/99,ILK Internet.Gmbh
212.87.32.0,212.87.63.255,8192,24/06/99,CBXNET combox internet GmbH
212.87.128.0,212.87.159.255,8192,14/12/98,imos Gesellschaft fuer Internet-Marketing und Online-Services mbH
212.88.128.0,212.88.159.255,8192,24/11/98,VSE NET GmbH
212.88.192.0,212.88.223.255,8192,21/04/99,Saarbrucker Zeitung Verlag und Druckerei GmbH
212.89.96.0,212.89.127.255,8192,24/11/99,InfraNet AG
212.89.128.0,212.89.159.255,8192,14/12/98,InfoServe GmbH
212.89.192.0,212.89.223.255,8192,18/05/99,Stadtwerke Marburg GmbH
212.90.128.0,212.90.159.255,8192,03/12/98,MK Netzdienste GmbH & Co. KG
212.91.224.0,212.91.255.255,8192,31/05/00,DNS:NET Internet Service GmbH
212.93.0.0,212.93.31.255,8192,05/11/98,1&1 Versatel Deutschland GmbH
212.94.224.0,212.94.255.255,8192,30/05/00,Telefonica Germany GmbH & Co.OHG
212.95.32.0,212.95.63.255,8192,21/05/08,Leaseweb Deutschland GmbH
212.95.96.0,212.95.127.255,8192,25/11/99,EWE TEL GmbH
212.96.128.0,212.96.159.255,8192,17/11/98,carpeNet Information Technologies GmbH
212.97.96.0,212.97.127.255,8192,25/11/99,GBC Internet Center GmbH
212.99.128.0,212.99.191.255,16384,27/07/00,QSC AG
212.99.192.0,212.99.223.255,8192,27/07/00,Envia Tel GmbH
212.100.48.0,212.100.63.255,4096,03/06/99,BITel Gesellschaft fuer Telekommunikation mbH
212.101.32.0,212.101.63.255,8192,17/05/10,ACO Computerservice GmbH
212.101.192.0,212.101.223.255,8192,20/05/99,DTS Systeme Muenster GmbH
212.102.160.0,212.102.191.255,8192,19/07/99,BayCIX GmbH
212.102.224.0,212.102.255.255,8192,30/05/00,Oberberg-Online Informationssysteme GmbH
212.105.192.0,212.105.223.255,8192,20/05/99,Plusnet GmbH
212.107.160.0,212.107.191.255,8192,03/08/99,Airdata AG
212.108.160.0,212.108.191.255,8192,13/07/99,LYNET Kommunikation AG
212.110.96.0,212.110.127.255,8192,16/11/99,KAMP Netzwerkdienste GmbH
212.110.192.0,212.110.223.255,8192,10/05/99,Plusnet GmbH
212.110.224.0,212.110.255.255,8192,30/05/00,Onlime GmbH
212.111.224.0,212.111.255.255,8192,06/06/00,IBH IT-Service GmbH
212.112.192.0,212.112.223.255,8192,21/04/99,ip4 GmbH
212.112.224.0,212.112.255.255,8192,19/05/00,QSC AG
212.114.32.0,212.114.63.255,8192,03/10/02,iS-Fun Internet Services GmbH
212.114.64.0,212.114.95.255,8192,21/01/99,OSN Online Service Nuernberg GmbH
212.114.128.0,212.114.159.255,8192,09/12/98,M-net Telekommunikations GmbH
212.114.160.0,212.114.191.255,8192,18/02/99,M-net Telekommunikations GmbH
212.114.192.0,212.114.255.255,16384,18/02/99,M-net Telekommunikations GmbH
212.116.0.0,212.116.31.255,8192,05/10/98,PlusServer GmbH
212.117.64.0,212.117.95.255,8192,12/02/99,NetCologne Gesellschaft fur Telekommunikation mbH
212.118.160.0,212.118.191.255,8192,22/07/99,LF.net Netzwerksysteme GmbH
212.118.192.0,212.118.223.255,8192,10/05/99,LEW TelNet GmbH
212.122.32.0,212.122.63.255,8192,19/11/02,HL komm Telekommunikations GmbH
212.122.128.0,212.122.159.255,8192,09/12/98,ecotel communication ag
212.123.32.0,212.123.63.255,8192,05/07/99,EPAG Domainservices GmbH
212.123.96.0,212.123.127.255,8192,04/08/00,QSC AG
212.124.32.0,212.124.63.255,8192,04/06/99,Globe Development GmbH
212.125.32.0,212.125.63.255,8192,05/07/99,dtms GmbH
212.125.96.0,212.125.127.255,8192,08/12/99,cyberways Informationsdienste GmbH
212.126.192.0,212.126.223.255,8192,11/05/99,toplink GmbH
212.127.32.0,212.127.63.255,8192,27/05/99,XODOX GmbH
212.144.0.0,212.144.255.255,65536,29/10/98,Vodafone GmbH
212.149.0.0,212.149.63.255,16384,09/03/01,Commerzbank Aktiengesellschaft
212.168.0.0,212.168.255.255,65536,11/11/98,Interoute Germany GmbH
212.172.0.0,212.172.255.255,65536,17/12/98,ecotel communication ag
212.184.0.0,212.184.255.255,65536,19/11/98,Deutsche Telekom AG
212.185.0.0,212.185.255.255,65536,16/02/99,Deutsche Telekom AG
212.201.0.0,212.201.255.255,65536,08/08/00,Verein zur Foerderung eines Deutschen Forschungsnetzes e.V.
212.202.0.0,212.202.255.255,65536,24/03/98,Plusnet GmbH
212.204.0.0,212.204.31.255,8192,09/03/98,1&1 Versatel Deutschland GmbH
212.204.32.0,212.204.63.255,8192,11/08/99,e.discom Telekommunikation GmbH
212.204.64.0,212.204.127.255,16384,24/06/99,M-net Telekommunikations GmbH
212.211.128.0,212.211.255.255,32768,08/09/99,ScanPlus GmbH
212.218.0.0,212.218.255.255,65536,09/04/98,NETHINKS GmbH
212.221.128.0,212.221.255.255,32768,05/10/00,PlusServer GmbH
212.223.0.0,212.223.255.255,65536,24/08/98,Ratiokontakt GmbH
212.224.0.0,212.224.63.255,16384,22/01/98,PlusServer GmbH
212.224.64.0,212.224.127.255,16384,05/11/07,First Colo GmbH
212.227.0.0,212.227.255.255,65536,10/09/98,1&1 Internet SE
212.232.80.0,212.232.95.255,4096,17/03/10,ENTEGA Medianet GmbH
212.255.0.0,212.255.255.255,65536,22/01/98,ecotel communication ag
213.9.0.0,213.9.127.255,32768,23/11/99,HKN GmbH
213.20.0.0,213.20.255.255,65536,20/08/99,Telefonica Germany GmbH & Co.OHG
213.21.32.0,213.21.47.255,4096,18/02/08,wilhelm.tel GmbH
213.23.0.0,213.23.127.255,32768,14/03/00,Vodafone GmbH
213.23.128.0,213.23.255.255,32768,14/02/03,Vodafone GmbH
213.30.192.0,213.30.255.255,16384,05/10/00,1&1 Versatel Deutschland GmbH
213.32.192.0,213.32.207.255,4096,28/06/99,MEGA Monheimer Elektrizitaets- und Gasversorgung GmbH
213.39.128.0,213.39.255.255,32768,26/06/02,Telefonica Germany GmbH & Co.OHG
213.54.0.0,213.54.255.255,65536,01/11/99,ecotel communication ag
213.61.0.0,213.61.255.255,65536,07/01/00,
213.68.0.0,213.68.255.255,65536,29/12/99,Verizon Deutschland GmbH
213.69.0.0,213.69.255.255,65536,12/07/00,Verizon Deutschland GmbH
213.70.0.0,213.71.255.255,131072,12/02/01,Verizon Deutschland GmbH
213.73.64.0,213.73.127.255,16384,28/09/00,Inter.Net Germany
213.83.0.0,213.83.63.255,16384,14/08/00,Plus.line AG
213.95.0.0,213.95.255.255,65536,14/09/00,noris network AG
213.128.96.0,213.128.127.255,8192,03/05/02,Vodafone GmbH
213.128.128.0,213.128.159.255,8192,19/01/00,IPHH Internet Port Hamburg GmbH
213.131.192.0,213.131.223.255,8192,10/05/00,BayCIX GmbH
213.131.224.0,213.131.255.255,8192,12/07/02,PlusServer GmbH
213.133.96.0,213.133.127.255,8192,23/05/02,Hetzner Online GmbH
213.135.0.0,213.135.31.255,8192,12/01/00,intersaar GmbH
213.135.192.0,213.135.223.255,8192,31/03/08,Occino GmbH
213.136.64.0,213.136.95.255,8192,28/02/00,Contabo GmbH
213.137.192.0,213.137.223.255,8192,03/05/00,Rockenstein AG
213.138.32.0,213.138.63.255,8192,24/10/00,1&1 Versatel Deutschland GmbH
213.139.64.0,213.139.95.255,8192,31/03/00,PrimeKOM internationale Netze Consulting GmbH
213.139.128.0,213.139.159.255,8192,17/02/00,1&1 Versatel Deutschland GmbH
213.143.192.0,213.143.223.255,8192,11/05/00,21TORR GmbH
213.144.0.0,213.144.31.255,8192,06/12/99,TelemaxX Telekommunikation GmbH
213.145.64.0,213.145.95.255,8192,21/03/00,Home of the Brave Internet Technology Based Solutions GmbH
213.146.64.0,213.146.95.255,8192,08/03/00,GlobalConnect GmbH
213.146.96.0,213.146.127.255,8192,09/08/02,KAMP Netzwerkdienste GmbH
213.146.224.0,213.146.255.255,8192,15/01/03,SKYTRON Communications GmbH & Co KG
213.147.0.0,213.147.31.255,8192,10/01/00,SYBCOM GmbH
213.148.96.0,213.148.127.255,8192,11/05/10,Net-D-Sign GmbH
213.148.128.0,213.148.159.255,8192,24/01/00,Plusnet GmbH
213.149.64.0,213.149.95.255,8192,12/04/00,CSC-Mann GmbH
213.152.96.0,213.152.127.255,8192,10/10/08,Stadtwerke Konstanz GmbH
213.155.64.0,213.155.95.255,8192,03/04/00,noris network AG
213.156.160.0,213.156.191.255,8192,23/04/01,Symantec Limited
213.157.0.0,213.157.31.255,8192,04/01/00,ENTEGA Medianet GmbH
213.158.96.0,213.158.127.255,8192,10/09/02,ennit server GmbH
213.160.0.0,213.160.31.255,8192,03/12/99,Plusnet GmbH
213.160.64.0,213.160.95.255,8192,25/02/00,Hosting.de GmbH
213.162.128.0,213.162.159.255,8192,10/11/08,Wobcom GmbH
213.164.64.0,213.164.95.255,8192,02/03/00,FreiNet GmbH
213.164.128.0,213.164.159.255,8192,24/01/00,ITEMAX GmbH
213.165.64.0,213.165.95.255,8192,24/03/00,1&1 Internet SE
213.165.96.0,213.165.127.255,8192,20/04/09,Erdenreich Datentechnik GmbH
213.166.224.0,213.166.255.255,8192,10/02/03,FAN Media GmbH
213.167.160.0,213.167.191.255,8192,22/05/01,HFO Telecom AG
213.168.64.0,213.168.95.255,8192,29/02/00,NetCologne Gesellschaft fur Telekommunikation mbH
213.168.96.0,213.168.127.255,8192,23/02/01,NetCologne Gesellschaft fur Telekommunikation mbH
213.168.192.0,213.168.223.255,8192,11/04/00,EWE TEL GmbH
213.170.160.0,213.170.191.255,8192,25/05/01,EWE TEL GmbH
213.172.96.0,213.172.127.255,8192,07/11/02,MK Netzdienste GmbH & Co. KG
213.173.0.0,213.173.31.255,8192,04/01/00,Nahenet - Stadtwerke GmbH Bad Kreuznach
213.174.32.0,213.174.63.255,8192,19/01/01,PlusServer GmbH
213.175.128.0,213.175.159.255,8192,25/05/09,CeTEL GmbH
213.178.0.0,213.178.15.255,4096,15/12/99,Hees riconet GmbH
213.178.16.0,213.178.31.255,4096,15/12/99,komro GmbH
213.178.64.0,213.178.95.255,8192,08/03/00,ennit server GmbH
213.178.160.0,213.178.191.255,8192,16/07/01,LF.net Netzwerksysteme GmbH
213.179.64.0,213.179.79.255,4096,30/03/00,iT-NetService GmbH
213.179.128.0,213.179.159.255,8192,17/02/00,M-net Telekommunikations GmbH
213.182.0.0,213.182.31.255,8192,20/12/99,IDKOM Networks GmbH
213.182.96.0,213.182.127.255,8192,18/11/02,EWE TEL GmbH
213.182.128.0,213.182.159.255,8192,03/02/00,1&1 Versatel Deutschland GmbH
213.183.0.0,213.183.31.255,8192,17/01/00,netplace Telematic GmbH
213.183.64.0,213.183.95.255,8192,06/04/00,PfalzKom, Gesellschaft fuer Telekommunikation mbH
213.183.160.0,213.183.191.255,8192,31/08/01,EWE TEL GmbH
213.183.192.0,213.183.223.255,8192,11/05/00,Intares GmbH
213.185.80.0,213.185.95.255,4096,24/03/00,PCE-NET GmbH
213.185.128.0,213.185.159.255,8192,09/02/00,Genias Internet
213.187.64.0,213.187.95.255,8192,03/04/00,HL komm Telekommunikations GmbH
213.188.96.0,213.188.127.255,8192,09/12/02,ENTEGA Medianet GmbH
213.191.32.0,213.191.63.255,8192,09/02/01,CBXNET combox internet GmbH
213.191.64.0,213.191.95.255,8192,10/04/00,Telefonica Germany GmbH & Co.OHG
213.196.192.0,213.196.255.255,16384,26/08/02,NetCologne Gesellschaft fur Telekommunikation mbH
213.198.0.0,213.198.31.255,8192,29/10/99,
213.198.32.0,213.198.63.255,8192,06/04/00,
213.198.64.0,213.198.127.255,16384,26/09/00,
213.200.64.0,213.200.127.255,16384,14/11/00,
213.202.192.0,213.202.255.255,16384,21/10/02,myLoc managed IT AG
213.203.192.0,213.203.255.255,16384,22/10/02,PlusServer GmbH
213.206.160.0,213.206.191.255,8192,03/07/03,PfalzKom, Gesellschaft fuer Telekommunikation mbH
213.208.48.0,213.208.63.255,4096,30/11/01,Onlime GmbH
213.209.64.0,213.209.127.255,16384,12/10/00,wilhelm.tel GmbH
213.209.128.0,213.209.159.255,8192,07/06/00,K&K Kommunikationssysteme GmbH
213.211.192.0,213.211.255.255,16384,28/11/02,MDlink online service center GmbH
213.214.0.0,213.214.31.255,8192,01/11/99,Rockenstein AG
213.216.0.0,213.216.31.255,8192,19/08/99,VISTEC Internet Service GmbH
213.217.64.0,213.217.127.255,16384,08/01/01,Plusnet GmbH
213.218.0.0,213.218.31.255,8192,28/10/99,toplink GmbH
213.218.160.0,213.218.191.255,8192,12/05/03,smartTERRA GmbH
213.220.128.0,213.220.191.255,16384,19/04/00,Airdata AG
213.221.64.0,213.221.127.255,16384,11/01/01,Claranet Gmbh
213.238.32.0,213.238.47.255,4096,13/11/01,N@work Internet Informationssysteme GmbH
213.239.192.0,213.239.255.255,16384,28/05/03,Hetzner Online GmbH
213.240.128.0,213.240.159.255,8192,24/03/00,TAL.DE Klaus Internet Service GmbH
213.240.160.0,213.240.191.255,8192,22/09/00,TAL.DE Klaus Internet Service GmbH
213.241.128.0,213.241.191.255,16384,08/06/00,OSN Online Service Nuernberg GmbH
213.244.32.0,213.244.63.255,8192,11/07/02,MB&T Migration, Beratung & Training Gesellschaft fuer Datenverarbeitungssysteme mbH
213.252.0.0,213.252.31.255,8192,17/09/99,ip&more GmbH
213.252.32.0,213.252.63.255,8192,17/10/00,ip&more GmbH
213.252.128.0,213.252.191.255,16384,19/04/00,EWE TEL GmbH
213.254.32.0,213.254.63.255,8192,09/11/01,PLANET IC GmbH
213.254.192.0,213.254.255.255,16384,30/09/02,
217.0.0.0,217.7.255.255,524288,28/07/00,Deutsche Telekom AG
217.8.48.0,217.8.63.255,4096,18/10/02,Unitymedia BW GmbH
217.9.32.0,217.9.47.255,4096,03/08/00,1&1 Versatel Deutschland GmbH
217.9.48.0,217.9.63.255,4096,28/03/02,1&1 Versatel Deutschland GmbH
217.9.96.0,217.9.111.255,4096,04/08/00,1&1 Versatel Deutschland GmbH
217.9.112.0,217.9.127.255,4096,19/12/01,1&1 Versatel Deutschland GmbH
217.10.0.0,217.10.15.255,4096,08/08/00,Internet Ulm/Neu-Ulm e.V.
217.10.48.0,217.10.63.255,4096,13/11/02,Infineon Technologies AG
217.10.64.0,217.10.79.255,4096,10/08/00,[netzquadrat] GmbH
217.11.48.0,217.11.63.255,4096,11/11/02,manitu GmbH
217.11.144.0,217.11.159.255,4096,21/03/02,TeleData GmbH
217.11.192.0,217.11.207.255,4096,22/08/00,FactSet Digital Solutions GmbH
217.13.64.0,217.13.79.255,4096,29/08/00,Gaertner Datensysteme GmbH & Co. KG
217.13.160.0,217.13.175.255,4096,30/08/00,Mandala Internet EDV Service GmbH
217.13.192.0,217.13.207.255,4096,30/08/00,Speedbone Internet & Connectivity GmbH
217.14.112.0,217.14.127.255,4096,12/12/02,Global Village GmbH
217.14.144.0,217.14.159.255,4096,12/12/02,WSE BIOENERGY LIMITED
217.14.160.0,217.14.175.255,4096,04/09/00,MARCANT AG
217.16.160.0,217.16.175.255,4096,11/09/00,EVH GmbH
217.17.16.0,217.17.31.255,4096,04/12/02,Teliko gmbh
217.17.192.0,217.17.207.255,4096,18/09/00,IKS Service GmbH
217.18.176.0,217.18.191.255,4096,14/01/03,DSI GmbH Daten Service Informationssysteme
217.19.160.0,217.19.175.255,4096,21/09/00,Teamware GmbH
217.19.176.0,217.19.191.255,4096,24/01/03,WITCOM Wiesbadener Informations- und Telekommunikations GmbH
217.20.112.0,217.20.127.255,4096,31/01/03,Leaseweb Deutschland GmbH
217.22.192.0,217.22.207.255,4096,03/10/00,CONTINUM A.G.
217.23.48.0,217.23.63.255,4096,28/02/03,I-NetPartner GmbH
217.24.0.0,217.24.15.255,4096,10/10/00,true global communications GmbH
217.24.48.0,217.24.63.255,4096,14/03/03,suec // dacor GmbH
217.24.192.0,217.24.207.255,4096,13/10/00,TeleData GmbH
217.24.208.0,217.24.223.255,4096,21/03/03,rh-tec Business GmbH
217.24.224.0,217.24.239.255,4096,13/10/00,VSE NET GmbH
217.25.64.0,217.25.79.255,4096,13/10/00,Globe Development GmbH
217.25.128.0,217.25.143.255,4096,16/10/00,GRENKE Service AG
217.25.160.0,217.25.175.255,4096,08/07/09,BITel Gesellschaft fuer Telekommunikation mbH
217.26.240.0,217.26.255.255,4096,29/04/09,NYNEX satellite OHG
217.27.0.0,217.27.15.255,4096,17/10/00,EntServ Deutschland GmbH
217.27.192.0,217.27.207.255,4096,17/10/00,1&1 Versatel Deutschland GmbH
217.28.96.0,217.28.111.255,4096,18/10/00,LEITWERK AG
217.28.240.0,217.28.255.255,4096,15/05/03,
217.29.32.0,217.29.47.255,4096,19/10/00,punkt.de GmbH
217.30.48.0,217.30.63.255,4096,28/05/03,Centaur GmbH
217.30.224.0,217.30.239.255,4096,26/10/00,Bisping & Bisping GmbH & Co KG
217.31.16.0,217.31.31.255,4096,05/06/03,wel.de Internet Service Provider
217.31.80.0,217.31.95.255,4096,10/06/03,Hostserver GmbH
217.31.208.0,217.31.223.255,4096,22/06/05,TeleData GmbH
217.48.0.0,217.51.255.255,262144,05/10/00,Telefonica Germany GmbH & Co.OHG
217.61.144.0,217.61.159.255,4096,01/11/00,Stadtnetz Bamberg Gesellschaft fuer Telekommunikation mbH
217.61.192.0,217.61.207.255,4096,01/11/00,KomMITT-Ratingen GmbH
217.64.64.0,217.64.79.255,4096,30/10/00,ith Kommunikationstechnik GmbH
217.64.80.0,217.64.95.255,4096,18/12/02,ith Kommunikationstechnik GmbH
217.64.160.0,217.64.175.255,4096,31/10/00,Global Access Internet Services GmbH
217.65.16.0,217.65.31.255,4096,18/06/03,1&1 Versatel Deutschland GmbH
217.65.128.0,217.65.143.255,4096,02/11/00,Digital River GmbH
217.66.32.0,217.66.47.255,4096,06/05/03,
217.66.48.0,217.66.63.255,4096,21/10/03,
217.67.32.0,217.67.47.255,4096,08/11/00,E.ON Business Services GmbH
217.67.96.0,217.67.111.255,4096,10/11/00,WM-Group GmbH
217.68.0.0,217.68.15.255,4096,13/11/00,Treml+Sturm Datentechnik GmbH
217.68.144.0,217.68.159.255,4096,11/07/03,Equinix (Germany) GmbH
217.68.160.0,217.68.175.255,4096,15/11/00,Tele Columbus AG
217.68.176.0,217.68.191.255,4096,20/11/01,Tele Columbus AG
217.68.192.0,217.68.207.255,4096,15/11/00,
217.69.64.0,217.69.79.255,4096,16/11/00,PlusServer GmbH
217.69.80.0,217.69.95.255,4096,21/06/02,PlusServer GmbH
217.69.160.0,217.69.175.255,4096,17/11/00,GHOSTnet GmbH
217.69.224.0,217.69.239.255,4096,17/11/00,HL komm Telekommunikations GmbH
217.69.240.0,217.69.255.255,4096,27/09/01,HL komm Telekommunikations GmbH
217.70.128.0,217.70.143.255,4096,20/11/00,DNS:NET Internet Service GmbH
217.70.160.0,217.70.175.255,4096,20/11/00,GELSEN-NET Kommunikationsgesellschaft mbH
217.70.192.0,217.70.207.255,4096,21/11/00,ennit server GmbH
217.72.128.0,217.72.143.255,4096,28/11/00,Matthias Rojahn
217.72.192.0,217.72.207.255,4096,11/12/00,1&1 Internet SE
217.72.208.0,217.72.223.255,4096,25/08/03,komro GmbH
217.73.32.0,217.73.47.255,4096,13/12/00,First Data Deutschland GmbH
217.73.144.0,217.73.159.255,4096,29/08/03,Elbracht-Computer Netzwerk & Grafik Service GmbH
217.74.176.0,217.74.191.255,4096,17/09/03,ccn corporate communication networks GmbH
217.74.192.0,217.74.207.255,4096,28/12/00,Cronon Aktiengesellschaft
217.76.96.0,217.76.111.255,4096,28/11/00,bn:t Blatzheim Networks Telecom GmbH
217.77.240.0,217.77.255.255,4096,21/12/00,SAP SE
217.78.128.0,217.78.143.255,4096,08/12/00,1&1 Versatel Deutschland GmbH
217.78.160.0,217.78.175.255,4096,08/12/00,Plusnet GmbH
217.79.176.0,217.79.191.255,4096,17/11/03,myLoc managed IT AG
217.79.208.0,217.79.223.255,4096,18/11/03,Equinix (Germany) GmbH
217.80.0.0,217.95.255.255,1048576,26/10/00,Deutsche Telekom AG
217.110.0.0,217.111.255.255,131072,02/01/01,
217.113.32.0,217.113.47.255,4096,15/01/01,Internet Access Center Duesseldorf
217.113.176.0,217.113.191.255,4096,20/11/03,GGew net GmbH
217.114.64.0,217.114.79.255,4096,25/01/01,NMMN New Media Markets & Networks IT-Services GmbH
217.114.208.0,217.114.223.255,4096,12/12/03,Keyweb AG
217.115.0.0,217.115.15.255,4096,23/09/09,Netsign Networks GmbH
217.115.64.0,217.115.79.255,4096,30/01/01,Atos Information Technology GmbH
217.116.112.0,217.116.127.255,4096,23/09/03,[netzquadrat] GmbH
217.117.96.0,217.117.111.255,4096,08/02/01,uniserve Internet & Multimedia GmbH
217.118.16.0,217.118.31.255,4096,22/11/04,Host Europe GmbH
217.119.192.0,217.119.207.255,4096,16/02/01,Contec Datentechnik GmbH
217.119.208.0,217.119.223.255,4096,04/03/04,Komsa Data & Solutions GmbH
217.140.64.0,217.140.95.255,8192,25/11/02,Titan Networks Internet & Telecommunications Service Providing GmbH
217.144.32.0,217.144.47.255,4096,19/02/01,Ricoh Deutschland GmbH
217.144.128.0,217.144.143.255,4096,11/02/09,Portunity GmbH
217.145.96.0,217.145.111.255,4096,22/02/01,TMT GmbH & Co. KG
217.146.128.0,217.146.143.255,4096,27/02/01,Plusnet GmbH
217.146.144.0,217.146.159.255,4096,15/04/02,Plusnet GmbH
217.147.48.0,217.147.63.255,4096,24/09/09,Gemeinde Hohentengen Eb MOKO
217.147.64.0,217.147.79.255,4096,02/03/01,
217.147.96.0,217.147.111.255,4096,02/03/01,Sprintlink Germany GmbH
217.148.96.0,217.148.111.255,4096,06/03/01,
217.148.224.0,217.148.239.255,4096,14/05/09,ITS AG
217.150.144.0,217.150.159.255,4096,16/06/04,T-Systems International GmbH
217.151.80.0,217.151.95.255,4096,30/06/04,Trusted Network GmbH
217.151.144.0,217.151.159.255,4096,09/07/04,TWL-Kom GmbH
217.151.208.0,217.151.223.255,4096,28/05/01,
217.151.240.0,217.151.255.255,4096,12/07/04,Sprintlink Germany GmbH
217.159.0.0,217.159.127.255,32768,02/03/01,Signalhorn Trusted Networks GmbH
217.160.0.0,217.160.255.255,65536,07/03/01,1&1 Internet SE
217.170.176.0,217.170.191.255,4096,21/11/08,I.T.E.N.O.S. International Telecom Network Operation Services GmbH
217.171.112.0,217.171.127.255,4096,26/08/04,Wittenberg-net GmbH
217.171.176.0,217.171.191.255,4096,31/08/04,
217.171.240.0,217.171.255.255,4096,14/12/09,pegasus gmbh
217.172.32.0,217.172.47.255,4096,19/09/02,Bank-Verlag GmbH
217.172.48.0,217.172.63.255,4096,17/09/04,Bank-Verlag GmbH
217.173.128.0,217.173.143.255,4096,09/04/01,Titan Networks Internet & Telecommunications Service Providing GmbH
217.173.144.0,217.173.159.255,4096,23/01/02,Titan Networks Internet & Telecommunications Service Providing GmbH
217.175.96.0,217.175.111.255,4096,17/04/01,Landesbank Hessen-Thuringen Girozentrale
217.175.224.0,217.175.239.255,4096,19/04/01,Hostway Deutschland GmbH
217.175.240.0,217.175.255.255,4096,01/10/01,Hostway Deutschland GmbH
217.184.0.0,217.191.255.255,524288,14/03/01,Telefonica Germany GmbH & Co.OHG
217.194.32.0,217.194.47.255,4096,19/04/01,Atos Information Technology GmbH
217.194.64.0,217.194.79.255,4096,19/04/01,The Cloud Networks Germany GmbH
217.194.224.0,217.194.239.255,4096,20/04/01,KPS Digital GmbH
217.195.0.0,217.195.15.255,4096,20/04/01,ByteAction Solutions GmbH
217.195.32.0,217.195.47.255,4096,20/04/01,Hostway Deutschland GmbH
217.197.80.0,217.197.95.255,4096,22/03/04,
217.198.128.0,217.198.143.255,4096,11/02/11,Link11 GmbH
217.198.240.0,217.198.255.255,4096,19/11/04,Johannes Gutenberg-Universitaet Mainz
217.199.64.0,217.199.79.255,4096,07/05/01,1&1 Versatel Deutschland GmbH
217.199.192.0,217.199.207.255,4096,03/04/09,MK Netzdienste GmbH & Co. KG
217.224.0.0,217.255.255.255,2097152,04/04/01,Deutsche Telekom AG